{
  "CONSTANTS_MAP": {
    "speed of light": 299792458,
    "gravitational constant": 6.6743e-11,
    "proton mass in kg": 1.67262192e-27,
    "electron mass in kg": 9.1093837e-31,
    "electron charge": 1.6022e-19,
    "hubble constant": 70,
    "stefan const": 5.670374419e-8,
    "planck constant": 6.626e-34,
    "reduced planck constant": 1.05457e-34,
    "boltzmann constant": 1.38e-23,
    "wein disp constant": 0.002897771955,
    "molar gas constant": 8.315,
    "rydberg constant": 10968000,
    "earth mass in kg": 5.972e24,
    "earth radius in km": 6378,
    "moon mass in kg": 7.346e22,
    "moon radius in km": 1738.1,
    "jupiter mass in kg": 1.898e27,
    "jupiter diameter in km": 142984,
    "solar mass in kg": 1.989e30,
    "sun radius in km": 696000,
    "sun diameter in km": 1392000,
    "sun temperature": 5778,
    "sun luminosity in watts": 3.828e26,
    "sun absolute magnitude": 4.83,
    "sun sgp": 1.327e20,
    "solar metallicity": 0.0134,
    "h alpha wavelength": 656.28,
    "type ia sn magnitude": -19.3,
    "chandrasekhar limit": 1.4,
    "tov limit": 2.1,
    "au in km": 150000000,
    "parsec in km": 30856775810000,
    "parsec in m": 3.09e16,
    "light year in km": 9460700000000,
    "light year in m": 9460000000000000,
    "parsec to light year": 3.26156378,
    "parsec to au": 206264.806247,
    "meter to feet": 3.28,
    "inch to cm": 2.54,
    "mile to feet": 5280,
    "angstrom to nm": 0.1,
    "fermi to m": 1e-15,
    "barn to m2": 1e-28,
    "acre to m2": 4046.86,
    "arcsec to rad": 0.00000484813681109536,
    "radians to arcsecond": 206264.806247,
    "arcmin to degree": 0.016666666666666666,
    "arcsec to degree": 0.0002777777777777778,
    "degree to radian": 0.017453292519943295,
    "year to seconds": 31557600,
    "megaton tnt to joules": 4.184e15,
    "electron volt to joules": 1.6e-19,
    "kelvin to celsius": -273.15,
    "gal to ms2": 0.01,
    "dyne to newton": 0.00001,
    "erg to joule": 1e-7,
    "barye to pascal": 0.1,
    "planck temperature": 1.4168e32,
    "planck time": 5.391e-44,
    "planck length": 1.61626e-35,
    "planck mass in kg": 2.17645e-8,
    "pi": 3.141592653589793,
    "neutron mass in kg": 1.6749274e-27
  }
}


